device_type,pages_viewed,session_duration,traffic_source,previous_purchases,purchase
Mobile,6,16.21,Organic,2,0
Mobile,6,12.7,Organic,0,0
Desktop,4,5.91,Organic,0,0
Mobile,8,3.28,Organic,0,1
Tablet,8,13.49,Paid,2,0
Mobile,1,8.36,Direct,0,0
Mobile,9,5.99,Social,1,1
Desktop,9,14.1,Organic,0,1
Mobile,5,15.0,Paid,0,0
Mobile,9,20.53,Social,0,1
Tablet,2,8.81,Social,2,0
Desktop,5,16.34,Organic,0,0
Mobile,5,7.01,Paid,3,0
Desktop,4,10.24,Organic,1,0
Desktop,10,11.89,Organic,0,1
Desktop,7,5.93,Social,0,0
Tablet,13,9.85,Social,0,0
Mobile,6,20.54,Social,0,0
Mobile,8,8.7,Referral,1,1
Tablet,5,20.17,Direct,1,1
Mobile,7,4.74,Social,0,0
Desktop,11,4.18,Referral,0,1
Mobile,10,15.55,Referral,0,0
Mobile,3,13.17,Organic,0,0
Desktop,1,9.63,Organic,0,0
Tablet,3,14.75,Social,0,0
Desktop,7,16.2,Social,0,0
Desktop,7,10.22,Referral,0,0
Desktop,10,8.92,Organic,0,0
Mobile,9,15.65,Organic,0,1
Mobile,8,11.73,Social,0,1
Mobile,8,18.09,Organic,0,1
Desktop,1,16.17,Referral,1,1
Tablet,14,9.35,Direct,2,1
Mobile,6,13.21,Organic,0,0
Desktop,3,13.76,Direct,4,0
Mobile,8,16.16,Direct,5,1
Mobile,10,14.79,Direct,1,0
Desktop,8,13.86,Referral,1,0
Desktop,8,9.13,Organic,1,0
Desktop,1,10.0,Social,0,0
Desktop,5,7.53,Paid,0,0
Desktop,17,11.81,Paid,0,1
Desktop,11,3.6,Referral,0,1
Mobile,1,0.56,Direct,1,1
Mobile,3,0.5,Organic,0,0
Desktop,6,20.1,Social,1,1
Mobile,1,12.94,Organic,2,1
Desktop,12,12.23,Organic,1,1
Mobile,6,12.37,Social,0,0
Tablet,9,5.16,Social,0,1
Desktop,8,0.58,Direct,3,1
Desktop,8,0.5,Organic,0,0
Desktop,12,0.5,Referral,2,0
Desktop,3,24.06,Direct,2,0
Mobile,7,9.21,Organic,3,0
Desktop,4,13.26,Direct,2,1
Desktop,3,22.57,Organic,5,1
Mobile,10,11.12,Paid,4,1
Tablet,9,10.9,Organic,0,1
Mobile,3,7.56,Paid,0,0
Desktop,14,12.15,Direct,1,1
Mobile,6,13.72,Social,1,1
Desktop,6,7.02,Direct,0,0
Desktop,9,16.49,Organic,4,1
Tablet,5,19.18,Social,0,1
Desktop,4,6.46,Social,0,0
Mobile,7,8.49,Referral,0,0
Mobile,9,2.9,Paid,1,1
Desktop,7,18.81,Organic,2,1
Desktop,8,20.7,Social,1,1
Mobile,7,1.71,Organic,0,0
Desktop,5,11.78,Referral,0,0
Mobile,2,0.5,Direct,1,0
Mobile,6,5.02,Social,2,0
Mobile,4,12.74,Direct,0,0
Mobile,5,8.56,Social,0,0
Desktop,5,11.18,Paid,0,0
Mobile,3,16.12,Organic,0,1
Desktop,2,7.34,Referral,2,0
Desktop,3,20.06,Organic,2,0
Desktop,2,9.67,Direct,0,0
Desktop,4,19.75,Organic,0,1
Mobile,6,11.03,Organic,0,0
Desktop,9,17.03,Social,0,1
Desktop,7,6.16,Paid,2,0
Desktop,10,12.91,Organic,14,1
Mobile,3,3.8,Direct,4,1
Desktop,10,18.36,Organic,1,1
Mobile,9,19.13,Direct,2,1
Mobile,7,12.86,Referral,0,0
Tablet,6,9.67,Paid,1,0
Desktop,9,5.43,Direct,0,0
Mobile,4,14.51,Paid,1,0
Mobile,13,21.4,Direct,1,1
Mobile,6,0.5,Paid,0,0
Mobile,2,15.83,Paid,0,0
Mobile,8,8.96,Organic,0,0
Desktop,8,8.94,Organic,0,0
Desktop,6,7.4,Direct,0,0
Desktop,1,12.72,Direct,1,0
Mobile,8,14.34,Direct,1,1
Mobile,3,10.78,Paid,2,0
Mobile,6,15.04,Organic,0,1
Mobile,7,15.85,Direct,1,0
Tablet,6,14.7,Social,0,1
Desktop,4,10.98,Organic,5,1
Mobile,9,6.87,Organic,3,1
Mobile,7,13.79,Paid,4,1
Mobile,11,15.79,Paid,0,1
Mobile,8,11.88,Paid,2,0
Mobile,3,11.07,Organic,0,0
Tablet,3,6.33,Paid,2,0
Desktop,6,9.03,Organic,0,1
Desktop,4,9.23,Paid,0,0
Mobile,4,0.5,Paid,2,0
Mobile,3,15.41,Referral,1,0
Mobile,8,16.44,Organic,2,1
Desktop,5,3.38,Organic,4,1
Mobile,10,13.58,Organic,0,1
Desktop,9,5.27,Referral,4,0
Mobile,12,14.52,Organic,0,1
Tablet,3,7.65,Organic,1,1
Desktop,3,1.61,Paid,0,0
Desktop,8,5.01,Referral,0,1
Desktop,3,16.09,Referral,6,1
Mobile,8,17.25,Paid,2,0
Mobile,1,7.81,Organic,0,0
Desktop,5,9.2,Referral,0,0
Mobile,14,11.36,Organic,0,1
Mobile,6,5.0,Paid,0,0
Tablet,4,10.13,Organic,3,0
Mobile,6,22.46,Direct,0,0
Mobile,6,16.95,Direct,1,0
Mobile,4,10.67,Organic,1,0
Mobile,8,20.6,Paid,1,1
Mobile,6,2.63,Organic,2,0
Mobile,10,11.16,Direct,0,0
Mobile,9,7.41,Direct,1,1
Mobile,5,9.13,Paid,0,0
Desktop,3,2.52,Social,2,0
Desktop,5,2.07,Paid,3,1
Desktop,16,2.12,Social,2,1
Desktop,9,7.34,Social,1,0
Desktop,6,17.6,Direct,0,0
Mobile,7,14.13,Direct,3,1
Desktop,9,17.22,Referral,0,1
Desktop,10,6.75,Direct,0,1
Desktop,4,7.17,Social,0,0
Desktop,4,12.46,Paid,1,0
Tablet,11,10.79,Organic,0,0
Mobile,11,14.49,Direct,1,0
Desktop,4,8.52,Direct,1,0
Mobile,3,2.36,Direct,1,0
Mobile,3,14.87,Paid,2,1
Desktop,7,14.85,Direct,1,0
Mobile,8,7.95,Referral,2,1
Mobile,6,14.52,Direct,5,1
Tablet,5,0.5,Direct,5,0
Desktop,10,12.65,Direct,0,0
Mobile,10,0.5,Social,0,1
Desktop,1,6.98,Direct,0,1
Mobile,5,17.82,Referral,0,0
Desktop,12,19.19,Paid,0,1
Mobile,10,9.92,Direct,2,1
Desktop,3,12.41,Organic,4,1
Desktop,12,8.39,Paid,0,0
Mobile,4,16.69,Referral,0,1
Mobile,4,4.66,Paid,1,1
Mobile,9,17.5,Organic,0,0
Desktop,8,8.09,Organic,0,0
Desktop,8,14.5,Direct,0,1
Mobile,12,12.99,Organic,0,1
Desktop,6,4.68,Organic,2,1
Mobile,9,16.5,Social,4,1
Mobile,3,11.11,Direct,5,1
Mobile,5,5.59,Paid,3,1
Desktop,9,13.93,Social,1,1
Desktop,3,10.74,Referral,1,1
Mobile,3,3.66,Direct,1,0
Mobile,5,17.59,Organic,0,1
Desktop,5,14.45,Social,3,1
Mobile,11,17.61,Organic,2,1
Mobile,6,14.69,Social,0,0
Mobile,5,0.5,Direct,1,0
Mobile,5,8.44,Organic,0,0
Desktop,1,7.11,Direct,2,0
Mobile,6,10.92,Social,4,0
Desktop,6,7.07,Organic,0,1
Mobile,5,13.94,Social,1,1
Mobile,4,14.64,Organic,0,0
Mobile,7,13.0,Social,0,0
Mobile,5,6.11,Organic,0,0
Mobile,4,14.09,Organic,1,0
Mobile,3,16.96,Organic,0,0
Desktop,6,17.35,Organic,0,0
Desktop,5,5.23,Paid,2,0
Desktop,7,12.31,Direct,3,0
Mobile,6,5.96,Social,0,1
Desktop,2,4.34,Direct,3,1
Mobile,3,8.13,Organic,0,0
Desktop,8,18.24,Paid,0,1
Tablet,6,1.02,Paid,2,1
Desktop,2,5.92,Organic,1,1
Mobile,7,1.87,Paid,0,0
Mobile,2,3.55,Social,1,0
Desktop,6,16.55,Paid,0,0
Desktop,12,15.96,Paid,0,0
Mobile,3,11.7,Social,1,0
Mobile,8,3.89,Paid,0,0
Desktop,12,19.78,Organic,0,1
Mobile,7,18.44,Organic,0,0
Desktop,6,18.02,Paid,0,0
Mobile,8,13.08,Social,1,1
Mobile,12,5.23,Social,0,0
Desktop,11,10.13,Paid,0,0
Tablet,2,19.43,Paid,2,0
Mobile,5,5.26,Direct,1,0
Desktop,7,15.77,Paid,4,1
Desktop,12,17.39,Organic,0,0
Mobile,9,13.28,Direct,2,1
Desktop,9,3.01,Organic,2,1
Desktop,5,8.05,Paid,0,0
Mobile,4,10.9,Paid,2,0
Mobile,15,6.35,Paid,0,1
Desktop,12,9.67,Social,2,1
Desktop,9,6.57,Social,0,0
Mobile,7,7.23,Organic,3,1
Desktop,7,18.47,Referral,0,1
Desktop,7,31.29,Social,0,1
Tablet,3,3.41,Direct,0,0
Mobile,10,19.18,Social,0,1
Desktop,9,5.48,Organic,1,1
Desktop,6,13.78,Organic,0,0
Mobile,10,7.46,Organic,0,0
Desktop,3,15.56,Organic,0,0
Mobile,8,11.64,Organic,1,1
Tablet,4,16.3,Social,1,0
Desktop,7,6.64,Organic,2,0
Mobile,6,13.57,Direct,1,0
Desktop,2,14.04,Direct,1,0
Desktop,4,13.31,Direct,0,1
Desktop,1,10.26,Referral,1,0
Mobile,3,20.18,Organic,3,1
Desktop,11,5.67,Paid,3,1
Tablet,1,12.21,Paid,1,0
Mobile,2,5.31,Organic,1,0
Desktop,5,19.64,Social,0,0
Desktop,9,7.92,Organic,9,1
Tablet,11,15.88,Referral,0,0
Mobile,9,18.41,Referral,2,1
Desktop,4,16.39,Direct,1,0
Mobile,3,19.33,Referral,1,0
Desktop,7,14.94,Social,2,1
Desktop,6,16.65,Social,0,0
Desktop,5,12.17,Referral,2,1
Mobile,11,16.76,Paid,2,1
Desktop,1,8.69,Organic,2,0
Tablet,8,5.11,Social,0,1
Desktop,11,13.25,Direct,0,0
Mobile,9,14.66,Social,12,1
Mobile,7,9.9,Direct,5,1
Desktop,3,22.2,Social,2,0
Desktop,1,17.42,Referral,0,1
Desktop,4,20.47,Organic,0,0
Mobile,6,20.52,Direct,1,1
Desktop,5,11.94,Social,4,1
Mobile,2,4.92,Direct,1,0
Desktop,4,5.89,Organic,1,0
Desktop,2,12.1,Social,0,0
Mobile,5,7.37,Direct,0,1
Desktop,8,19.86,Paid,0,0
Mobile,8,11.51,Direct,0,0
Desktop,6,16.5,Paid,0,1
Desktop,7,24.01,Social,0,1
Mobile,7,4.98,Paid,1,0
Desktop,10,9.6,Organic,5,1
Desktop,1,12.4,Organic,1,0
Mobile,1,17.22,Direct,2,0
Desktop,5,10.31,Paid,1,1
Mobile,5,29.72,Direct,1,1
Tablet,7,6.76,Paid,4,0
Desktop,6,12.0,Social,0,1
Mobile,3,7.53,Paid,0,0
Desktop,6,6.95,Referral,0,0
Mobile,5,22.5,Direct,0,0
Tablet,8,2.77,Social,1,1
Mobile,8,1.84,Referral,1,0
Mobile,3,5.95,Organic,2,1
Mobile,8,11.07,Organic,0,1
Desktop,2,17.53,Social,3,0
Mobile,8,15.12,Organic,0,0
Mobile,10,23.72,Paid,0,1
Mobile,3,4.77,Direct,1,0
Desktop,8,27.92,Social,0,1
Desktop,5,17.07,Direct,4,0
Desktop,5,6.75,Organic,6,0
Tablet,6,16.78,Direct,1,1
Desktop,4,12.53,Organic,1,0
Mobile,3,6.7,Organic,0,0
Mobile,10,14.01,Social,1,1
Mobile,1,7.71,Organic,0,0
Mobile,9,26.69,Paid,0,0
Tablet,3,8.66,Organic,1,0
Tablet,8,9.48,Organic,3,0
Desktop,14,6.05,Paid,4,1
Desktop,14,22.69,Social,0,0
Mobile,12,7.59,Paid,0,1
Desktop,4,13.18,Organic,0,0
Mobile,7,8.28,Social,2,0
Mobile,11,16.63,Social,0,1
Desktop,6,16.39,Organic,2,0
Desktop,11,12.63,Direct,1,1
Desktop,3,15.97,Paid,3,0
Desktop,9,9.48,Organic,1,1
Desktop,6,3.81,Organic,0,0
Mobile,5,8.39,Social,0,0
Mobile,2,15.07,Organic,0,0
Desktop,2,11.73,Social,0,0
Mobile,8,19.63,Organic,0,1
Mobile,3,11.45,Paid,0,0
Mobile,2,18.72,Direct,2,0
Desktop,16,19.5,Paid,4,1
Tablet,2,17.57,Organic,2,0
Mobile,10,11.74,Paid,3,0
Desktop,4,5.65,Social,1,0
Desktop,1,10.26,Social,0,1
Desktop,5,5.33,Organic,1,0
Desktop,5,25.94,Paid,1,1
Mobile,7,0.5,Paid,0,0
Desktop,2,6.61,Organic,0,0
Desktop,8,23.73,Organic,0,1
Desktop,6,6.78,Direct,1,0
Desktop,9,18.91,Paid,0,1
Desktop,12,2.94,Referral,1,1
Mobile,11,8.79,Referral,2,1
Desktop,3,19.04,Organic,0,0
Desktop,9,0.5,Direct,1,0
Mobile,7,16.04,Organic,1,0
Mobile,6,8.15,Organic,0,0
Mobile,9,21.4,Direct,1,1
Mobile,3,25.05,Direct,0,0
Tablet,10,11.98,Organic,0,0
Desktop,1,8.67,Referral,0,0
Desktop,3,11.43,Organic,0,0
Mobile,9,9.04,Direct,0,0
Desktop,6,25.99,Organic,1,1
Desktop,2,19.78,Paid,1,0
Mobile,10,0.5,Organic,1,0
Desktop,9,20.37,Direct,1,0
Mobile,7,12.57,Social,2,0
Mobile,1,18.03,Direct,0,0
Desktop,3,17.95,Social,1,0
Mobile,11,12.32,Paid,0,0
Desktop,12,13.18,Referral,1,0
Tablet,8,13.94,Organic,0,0
Mobile,4,15.5,Organic,0,0
Tablet,4,1.34,Organic,1,0
Mobile,4,17.24,Organic,0,1
Desktop,1,16.24,Paid,1,0
Desktop,9,13.09,Social,3,0
Mobile,13,18.16,Organic,3,1
Desktop,3,26.07,Referral,1,0
Mobile,8,13.66,Paid,0,0
Desktop,4,20.77,Direct,0,0
Mobile,8,11.68,Social,0,0
Desktop,10,10.31,Direct,2,1
Desktop,4,12.33,Referral,4,1
Mobile,10,16.27,Social,2,0
Desktop,5,3.74,Organic,2,1
Desktop,5,17.29,Organic,0,1
Desktop,3,9.93,Paid,0,0
Desktop,5,17.28,Social,0,0
Desktop,14,2.69,Referral,1,1
Desktop,5,18.64,Organic,0,0
Desktop,9,14.12,Paid,0,0
Mobile,9,15.18,Organic,4,1
Mobile,5,16.75,Direct,2,0
Tablet,3,25.14,Organic,0,1
Tablet,5,20.93,Referral,1,0
Desktop,8,6.52,Paid,0,0
Mobile,5,5.1,Social,4,1
Mobile,5,20.91,Paid,2,0
Desktop,5,8.68,Paid,1,0
Mobile,10,11.6,Organic,0,1
Tablet,1,9.13,Social,0,0
Mobile,11,17.23,Social,1,1
Mobile,11,11.07,Organic,0,0
Tablet,9,12.31,Paid,1,0
Mobile,3,14.0,Social,2,0
Mobile,8,12.43,Paid,0,0
Desktop,8,16.03,Referral,0,1
Mobile,2,15.51,Paid,0,0
Mobile,9,4.96,Organic,1,1
Tablet,7,15.15,Organic,1,0
Desktop,8,19.86,Paid,0,1
Mobile,4,8.74,Organic,1,1
Mobile,8,13.06,Direct,3,1
Desktop,6,23.92,Paid,1,0
Mobile,4,9.12,Social,2,0
Mobile,5,19.92,Direct,0,1
Desktop,9,20.42,Paid,1,1
Desktop,8,19.84,Paid,1,0
Tablet,5,12.21,Social,0,0
Desktop,8,12.2,Paid,2,0
Mobile,5,6.3,Paid,2,0
Desktop,7,7.02,Organic,0,0
Desktop,6,1.79,Paid,1,1
Desktop,8,6.86,Direct,2,1
Mobile,8,11.82,Social,2,0
Desktop,4,13.73,Referral,2,0
Tablet,7,22.91,Direct,1,1
Mobile,7,14.84,Social,0,1
Desktop,6,19.32,Paid,0,0
Desktop,12,0.5,Organic,1,1
Tablet,15,2.83,Direct,3,1
Mobile,5,1.06,Organic,2,0
Mobile,6,18.16,Social,0,0
Mobile,4,11.53,Organic,4,1
Tablet,12,12.16,Paid,2,1
Mobile,6,13.69,Social,1,1
Desktop,6,23.19,Organic,0,0
Mobile,4,19.56,Paid,0,1
Mobile,11,20.34,Paid,0,1
Tablet,6,9.04,Organic,1,1
Tablet,5,8.24,Organic,0,0
Desktop,5,20.74,Paid,0,0
Mobile,5,12.46,Organic,0,0
Desktop,10,0.5,Social,0,1
Desktop,6,9.23,Paid,0,0
Desktop,7,8.79,Direct,7,1
Mobile,4,6.77,Organic,1,0
Desktop,4,1.04,Paid,0,1
Mobile,1,22.27,Social,0,1
Desktop,2,9.33,Organic,1,0
Mobile,5,7.73,Direct,1,0
Mobile,13,16.31,Organic,4,1
Desktop,3,7.91,Paid,5,0
Tablet,9,6.03,Organic,0,0
Mobile,7,10.91,Referral,0,1
Desktop,7,5.08,Organic,1,0
Desktop,10,15.68,Direct,1,1
Desktop,8,22.43,Social,1,1
Mobile,6,9.99,Direct,1,0
Mobile,9,15.3,Organic,0,0
Desktop,6,8.98,Direct,1,0
Desktop,1,10.49,Referral,1,1
Desktop,6,24.43,Direct,2,1
Mobile,11,15.7,Organic,1,1
Mobile,2,12.02,Paid,0,0
Desktop,6,7.74,Social,1,1
Mobile,3,13.04,Organic,0,0
Mobile,11,6.93,Social,0,1
Desktop,6,14.39,Direct,0,0
Tablet,10,0.5,Organic,4,1
Mobile,8,7.58,Organic,1,1
Desktop,5,19.9,Social,0,0
Mobile,9,24.14,Direct,2,1
Desktop,7,17.5,Paid,2,0
Tablet,3,2.26,Organic,1,1
Mobile,5,12.11,Organic,8,1
Desktop,10,7.63,Referral,1,1
Tablet,8,13.82,Organic,2,1
Mobile,9,11.02,Paid,0,1
Mobile,6,6.77,Direct,0,1
Desktop,5,10.23,Direct,0,0
Desktop,9,11.1,Social,0,1
Desktop,4,1.67,Organic,1,1
Mobile,9,14.46,Paid,0,0
Mobile,7,11.91,Organic,0,0
Mobile,1,14.56,Organic,0,1
Mobile,11,20.18,Referral,0,0
Mobile,6,22.97,Social,0,1
Tablet,11,21.42,Paid,2,1
Desktop,9,18.82,Paid,2,1
Desktop,8,15.69,Social,0,1
Mobile,5,8.93,Organic,0,0
Mobile,6,15.2,Organic,0,0
Mobile,8,1.89,Social,6,0
Desktop,1,13.27,Social,1,0
Desktop,8,24.52,Paid,2,1
Tablet,8,0.5,Social,5,1
Mobile,9,0.5,Organic,0,0
Desktop,7,6.63,Direct,2,0
Desktop,8,3.29,Social,3,1
Mobile,3,9.0,Referral,0,0
Mobile,5,18.49,Paid,0,1
Desktop,14,12.06,Social,0,1
Mobile,8,7.6,Referral,0,0
Tablet,10,2.21,Direct,4,1
Tablet,9,15.02,Paid,0,1
Tablet,11,9.88,Direct,0,0
Mobile,7,7.85,Referral,1,1
Desktop,10,18.95,Social,4,0
Desktop,7,11.67,Referral,1,0
Tablet,1,6.36,Organic,0,0
Desktop,10,22.86,Referral,0,0
Mobile,4,13.55,Direct,0,1
Desktop,10,12.05,Organic,2,0
Mobile,4,17.21,Paid,0,0
